"states","indicator","items","sex","Unit","Date","Value"
"Abuja","DISTRIBUTION OF YOUTH BY AGE GROUP AND SEX","15 - 19","Male","","2012","97167"
"Abuja","DISTRIBUTION OF YOUTH BY AGE GROUP AND SEX","20 - 24","Male","","2012","111083"
"Abuja","DISTRIBUTION OF YOUTH BY AGE GROUP AND SEX","20 - 24","Female","","2012","113928"
"Abuja","DISTRIBUTION OF YOUTH BY AGE GROUP AND SEX","25 - 29","Male","","2012","148805"
"Abuja","DISTRIBUTION OF YOUTH BY AGE GROUP AND SEX","25 - 29","Female","","2012","122907"
"Abuja","DISTRIBUTION OF YOUTH BY AGE GROUP AND SEX","30 - 35","Male","","2012","157023"
"Abuja","DISTRIBUTION OF YOUTH BY AGE GROUP AND SEX","30 - 35","Female","","2012","117218"
"Abuja","DISTRIBUTION OF YOUTH BY AGE GROUP AND SEX","National","Male","","2012","514080"
"Abuja","DISTRIBUTION OF YOUTH BY AGE GROUP AND SEX","National","Female","","2012","448861"
"Abuja","DISTRIBUTIION OF YOUTH BY MARITAL STATUS AND SEX","Married","Male","","2012","117696"
"Abuja","DISTRIBUTIION OF YOUTH BY MARITAL STATUS AND SEX","Married","Female","","2012","248806"
"Abuja","DISTRIBUTIION OF YOUTH BY MARITAL STATUS AND SEX","Divorced","Female","","2012","206"
"Abuja","DISTRIBUTIION OF YOUTH BY MARITAL STATUS AND SEX","Widowed","Female","","2012","5215"
"Abuja","DISTRIBUTIION OF YOUTH BY MARITAL STATUS AND SEX","Single","Male","","2012","396383"
"Abuja","DISTRIBUTIION OF YOUTH BY MARITAL STATUS AND SEX","Single","Female","","2012","194633"
"Abia","DISTRIBUTION OF YOUTH BY AGE GROUP AND SEX","15 - 19","Male","","2012","164270"
"Abia","DISTRIBUTION OF YOUTH BY AGE GROUP AND SEX","20 - 24","Male","","2012","97841"
"Abia","DISTRIBUTION OF YOUTH BY AGE GROUP AND SEX","20 - 24","Female","","2012","142167"
"Abia","DISTRIBUTION OF YOUTH BY AGE GROUP AND SEX","25 - 29","Male","","2012","89673"
"Abia","DISTRIBUTION OF YOUTH BY AGE GROUP AND SEX","25 - 29","Female","","2012","82005"
"Abia","DISTRIBUTION OF YOUTH BY AGE GROUP AND SEX","30 - 35","Male","","2012","154026"
"Abia","DISTRIBUTION OF YOUTH BY AGE GROUP AND SEX","30 - 35","Female","","2012","187711"
"Abia","DISTRIBUTION OF YOUTH BY AGE GROUP AND SEX","National","Male","","2012","505810"
"Abia","DISTRIBUTION OF YOUTH BY AGE GROUP AND SEX","National","Female","","2012","591018"
"Abia","DISTRIBUTIION OF YOUTH BY MARITAL STATUS AND SEX","Married","Male","","2012","79379"
"Abia","DISTRIBUTIION OF YOUTH BY MARITAL STATUS AND SEX","Married","Female","","2012","212119"
"Abia","DISTRIBUTIION OF YOUTH BY MARITAL STATUS AND SEX","Seperated","Female","","2012","3685"
"Abia","DISTRIBUTIION OF YOUTH BY MARITAL STATUS AND SEX","Widowed","Female","","2012","1633"
"Abia","DISTRIBUTIION OF YOUTH BY MARITAL STATUS AND SEX","Single","Male","","2012","426432"
"Abia","DISTRIBUTIION OF YOUTH BY MARITAL STATUS AND SEX","Single","Female","","2012","373581"
"Adamawa","DISTRIBUTION OF YOUTH BY AGE GROUP AND SEX","15 - 19","Male","","2012","228221"
"Adamawa","DISTRIBUTION OF YOUTH BY AGE GROUP AND SEX","20 - 24","Male","","2012","198334"
"Adamawa","DISTRIBUTION OF YOUTH BY AGE GROUP AND SEX","20 - 24","Female","","2012","136556"
"Adamawa","DISTRIBUTION OF YOUTH BY AGE GROUP AND SEX","25 - 29","Male","","2012","127662"
"Adamawa","DISTRIBUTION OF YOUTH BY AGE GROUP AND SEX","25 - 29","Female","","2012","142185"
"Adamawa","DISTRIBUTION OF YOUTH BY AGE GROUP AND SEX","30 - 35","Male","","2012","141262"
"Adamawa","DISTRIBUTION OF YOUTH BY AGE GROUP AND SEX","30 - 35","Female","","2012","189717"
"Adamawa","DISTRIBUTION OF YOUTH BY AGE GROUP AND SEX","National","Male","","2012","695479"
"Adamawa","DISTRIBUTION OF YOUTH BY AGE GROUP AND SEX","National","Female","","2012","683786"
"Adamawa","DISTRIBUTIION OF YOUTH BY MARITAL STATUS AND SEX","Married","Male","","2012","133869"
"Adamawa","DISTRIBUTIION OF YOUTH BY MARITAL STATUS AND SEX","Married","Female","","2012","391781"
"Adamawa","DISTRIBUTIION OF YOUTH BY MARITAL STATUS AND SEX","Divorced","Female","","2012","2183"
"Adamawa","DISTRIBUTIION OF YOUTH BY MARITAL STATUS AND SEX","Seperated","Male","","2012","2969"
"Adamawa","DISTRIBUTIION OF YOUTH BY MARITAL STATUS AND SEX","Seperated","Female","","2012","5183"
"Adamawa","DISTRIBUTIION OF YOUTH BY MARITAL STATUS AND SEX","Single","Male","","2012","558641"
"Adamawa","DISTRIBUTIION OF YOUTH BY MARITAL STATUS AND SEX","Single","Female","","2012","284639"
"Akwa Ibom","DISTRIBUTION OF YOUTH BY AGE GROUP AND SEX","15 - 19","Male","","2012","274200"
"Akwa Ibom","DISTRIBUTION OF YOUTH BY AGE GROUP AND SEX","20 - 24","Male","","2012","250296"
"Akwa Ibom","DISTRIBUTION OF YOUTH BY AGE GROUP AND SEX","20 - 24","Female","","2012","260431"
"Akwa Ibom","DISTRIBUTION OF YOUTH BY AGE GROUP AND SEX","25 - 29","Male","","2012","330719"
"Akwa Ibom","DISTRIBUTION OF YOUTH BY AGE GROUP AND SEX","25 - 29","Female","","2012","299500"
"Akwa Ibom","DISTRIBUTION OF YOUTH BY AGE GROUP AND SEX","30 - 35","Male","","2012","383476"
"Akwa Ibom","DISTRIBUTION OF YOUTH BY AGE GROUP AND SEX","30 - 35","Female","","2012","378878"
"Akwa Ibom","DISTRIBUTION OF YOUTH BY AGE GROUP AND SEX","National","Male","","2012","1238691"
"Akwa Ibom","DISTRIBUTION OF YOUTH BY AGE GROUP AND SEX","National","Female","","2012","1198272"
"Akwa Ibom","DISTRIBUTIION OF YOUTH BY MARITAL STATUS AND SEX","Married","Male","","2012","362993"
"Akwa Ibom","DISTRIBUTIION OF YOUTH BY MARITAL STATUS AND SEX","Married","Female","","2012","566885"
"Akwa Ibom","DISTRIBUTIION OF YOUTH BY MARITAL STATUS AND SEX","Divorced","Male","","2012","5604"
"Akwa Ibom","DISTRIBUTIION OF YOUTH BY MARITAL STATUS AND SEX","Divorced","Female","","2012","21287"
"Akwa Ibom","DISTRIBUTIION OF YOUTH BY MARITAL STATUS AND SEX","Seperated","Male","","2012","3919"
"Akwa Ibom","DISTRIBUTIION OF YOUTH BY MARITAL STATUS AND SEX","Seperated","Female","","2012","18246"
"Akwa Ibom","DISTRIBUTIION OF YOUTH BY MARITAL STATUS AND SEX","Widowed","Male","","2012","8562"
"Akwa Ibom","DISTRIBUTIION OF YOUTH BY MARITAL STATUS AND SEX","Widowed","Female","","2012","5562"
"Akwa Ibom","DISTRIBUTIION OF YOUTH BY MARITAL STATUS AND SEX","Single","Male","","2012","857614"
"Akwa Ibom","DISTRIBUTIION OF YOUTH BY MARITAL STATUS AND SEX","Single","Female","","2012","586292"
"Anambra","DISTRIBUTION OF YOUTH BY AGE GROUP AND SEX","15 - 19","Male","","2012","379489"
"Anambra","DISTRIBUTION OF YOUTH BY AGE GROUP AND SEX","20 - 24","Male","","2012","183097"
"Anambra","DISTRIBUTION OF YOUTH BY AGE GROUP AND SEX","20 - 24","Female","","2012","213564"
"Anambra","DISTRIBUTION OF YOUTH BY AGE GROUP AND SEX","25 - 29","Male","","2012","179405"
"Anambra","DISTRIBUTION OF YOUTH BY AGE GROUP AND SEX","25 - 29","Female","","2012","256908"
"Anambra","DISTRIBUTION OF YOUTH BY AGE GROUP AND SEX","30 - 35","Male","","2012","230042"
"Anambra","DISTRIBUTION OF YOUTH BY AGE GROUP AND SEX","30 - 35","Female","","2012","275213"
"Anambra","DISTRIBUTION OF YOUTH BY AGE GROUP AND SEX","National","Male","","2012","972033"
"Anambra","DISTRIBUTION OF YOUTH BY AGE GROUP AND SEX","National","Female","","2012","1069184"
"Anambra","DISTRIBUTIION OF YOUTH BY MARITAL STATUS AND SEX","Married","Male","","2012","192774"
"Anambra","DISTRIBUTIION OF YOUTH BY MARITAL STATUS AND SEX","Married","Female","","2012","421288"
"Anambra","DISTRIBUTIION OF YOUTH BY MARITAL STATUS AND SEX","Divorced","Female","","2012","8722"
"Anambra","DISTRIBUTIION OF YOUTH BY MARITAL STATUS AND SEX","Seperated","Male","","2012","2684"
"Anambra","DISTRIBUTIION OF YOUTH BY MARITAL STATUS AND SEX","Widowed","Female","","2012","7926"
"Anambra","DISTRIBUTIION OF YOUTH BY MARITAL STATUS AND SEX","Single","Male","","2012","776575"
"Anambra","DISTRIBUTIION OF YOUTH BY MARITAL STATUS AND SEX","Single","Female","","2012","631247"
"Bauchi","DISTRIBUTION OF YOUTH BY AGE GROUP AND SEX","15 - 19","Male","","2012","387570"
"Bauchi","DISTRIBUTION OF YOUTH BY AGE GROUP AND SEX","20 - 24","Male","","2012","182657"
"Bauchi","DISTRIBUTION OF YOUTH BY AGE GROUP AND SEX","20 - 24","Female","","2012","265211"
"Bauchi","DISTRIBUTION OF YOUTH BY AGE GROUP AND SEX","25 - 29","Male","","2012","191297"
"Bauchi","DISTRIBUTION OF YOUTH BY AGE GROUP AND SEX","25 - 29","Female","","2012","251416"
"Bauchi","DISTRIBUTION OF YOUTH BY AGE GROUP AND SEX","30 - 35","Male","","2012","299977"
"Bauchi","DISTRIBUTION OF YOUTH BY AGE GROUP AND SEX","30 - 35","Female","","2012","241441"
"Bauchi","DISTRIBUTION OF YOUTH BY AGE GROUP AND SEX","National","Male","","2012","1061502"
"Bauchi","DISTRIBUTION OF YOUTH BY AGE GROUP AND SEX","National","Female","","2012","1108584"
"Bauchi","DISTRIBUTIION OF YOUTH BY MARITAL STATUS AND SEX","Married","Male","","2012","435220"
"Bauchi","DISTRIBUTIION OF YOUTH BY MARITAL STATUS AND SEX","Married","Female","","2012","862615"
"Bauchi","DISTRIBUTIION OF YOUTH BY MARITAL STATUS AND SEX","Divorced","Male","","2012","4402"
"Bauchi","DISTRIBUTIION OF YOUTH BY MARITAL STATUS AND SEX","Divorced","Female","","2012","4851"
"Bauchi","DISTRIBUTIION OF YOUTH BY MARITAL STATUS AND SEX","Widowed","Female","","2012","6717"
"Bauchi","DISTRIBUTIION OF YOUTH BY MARITAL STATUS AND SEX","Single","Male","","2012","621880"
"Bauchi","DISTRIBUTIION OF YOUTH BY MARITAL STATUS AND SEX","Single","Female","","2012","230394"
"Bayelsa","DISTRIBUTION OF YOUTH BY AGE GROUP AND SEX","15 - 19","Male","","2012","84078"
"Bayelsa","DISTRIBUTION OF YOUTH BY AGE GROUP AND SEX","20 - 24","Male","","2012","102972"
"Bayelsa","DISTRIBUTION OF YOUTH BY AGE GROUP AND SEX","20 - 24","Female","","2012","116932"
"Bayelsa","DISTRIBUTION OF YOUTH BY AGE GROUP AND SEX","25 - 29","Male","","2012","92028"
"Bayelsa","DISTRIBUTION OF YOUTH BY AGE GROUP AND SEX","25 - 29","Female","","2012","152851"
"Bayelsa","DISTRIBUTION OF YOUTH BY AGE GROUP AND SEX","30 - 35","Male","","2012","119536"
"Bayelsa","DISTRIBUTION OF YOUTH BY AGE GROUP AND SEX","30 - 35","Female","","2012","106904"
"Bayelsa","DISTRIBUTION OF YOUTH BY AGE GROUP AND SEX","National","Male","","2012","398614"
"Bayelsa","DISTRIBUTION OF YOUTH BY AGE GROUP AND SEX","National","Female","","2012","445596"
"Bayelsa","DISTRIBUTIION OF YOUTH BY MARITAL STATUS AND SEX","Married","Male","","2012","118466"
"Bayelsa","DISTRIBUTIION OF YOUTH BY MARITAL STATUS AND SEX","Married","Female","","2012","243362"
"Bayelsa","DISTRIBUTIION OF YOUTH BY MARITAL STATUS AND SEX","Divorced","Female","","2012","5410"
"Bayelsa","DISTRIBUTIION OF YOUTH BY MARITAL STATUS AND SEX","Seperated","Male","","2012","3915"
"Bayelsa","DISTRIBUTIION OF YOUTH BY MARITAL STATUS AND SEX","Seperated","Female","","2012","14172"
"Bayelsa","DISTRIBUTIION OF YOUTH BY MARITAL STATUS AND SEX","Widowed","Female","","2012","2379"
"Bayelsa","DISTRIBUTIION OF YOUTH BY MARITAL STATUS AND SEX","Single","Male","","2012","276233"
"Bayelsa","DISTRIBUTIION OF YOUTH BY MARITAL STATUS AND SEX","Single","Female","","2012","180274"
"Benue","DISTRIBUTION OF YOUTH BY AGE GROUP AND SEX","15 - 19","Male","","2012","463716"
"Benue","DISTRIBUTION OF YOUTH BY AGE GROUP AND SEX","20 - 24","Male","","2012","253094"
"Benue","DISTRIBUTION OF YOUTH BY AGE GROUP AND SEX","20 - 24","Female","","2012","258236"
"Benue","DISTRIBUTION OF YOUTH BY AGE GROUP AND SEX","25 - 29","Male","","2012","211489"
"Benue","DISTRIBUTION OF YOUTH BY AGE GROUP AND SEX","25 - 29","Female","","2012","196882"
"Benue","DISTRIBUTION OF YOUTH BY AGE GROUP AND SEX","30 - 35","Male","","2012","271997"
"Benue","DISTRIBUTION OF YOUTH BY AGE GROUP AND SEX","30 - 35","Female","","2012","166982"
"Benue","DISTRIBUTION OF YOUTH BY AGE GROUP AND SEX","National","Male","","2012","1200296"
"Benue","DISTRIBUTION OF YOUTH BY AGE GROUP AND SEX","National","Female","","2012","884320"
"Benue","DISTRIBUTIION OF YOUTH BY MARITAL STATUS AND SEX","Married","Male","","2012","294154"
"Benue","DISTRIBUTIION OF YOUTH BY MARITAL STATUS AND SEX","Married","Female","","2012","460754"
"Benue","DISTRIBUTIION OF YOUTH BY MARITAL STATUS AND SEX","Divorced","Male","","2012","2796"
"Benue","DISTRIBUTIION OF YOUTH BY MARITAL STATUS AND SEX","Divorced","Female","","2012","10060"
"Benue","DISTRIBUTIION OF YOUTH BY MARITAL STATUS AND SEX","Seperated","Male","","2012","7621"
"Benue","DISTRIBUTIION OF YOUTH BY MARITAL STATUS AND SEX","Seperated","Female","","2012","18205"
"Benue","DISTRIBUTIION OF YOUTH BY MARITAL STATUS AND SEX","Widowed","Male","","2012","8142"
"Benue","DISTRIBUTIION OF YOUTH BY MARITAL STATUS AND SEX","Widowed","Female","","2012","5341"
"Benue","DISTRIBUTIION OF YOUTH BY MARITAL STATUS AND SEX","Single","Male","","2012","886460"
"Benue","DISTRIBUTIION OF YOUTH BY MARITAL STATUS AND SEX","Single","Female","","2012","387714"
"Cross River","DISTRIBUTION OF YOUTH BY AGE GROUP AND SEX","15 - 19","Male","","2012","180368"
"Cross River","DISTRIBUTION OF YOUTH BY AGE GROUP AND SEX","20 - 24","Male","","2012","170480"
"Cross River","DISTRIBUTION OF YOUTH BY AGE GROUP AND SEX","20 - 24","Female","","2012","188898"
"Cross River","DISTRIBUTION OF YOUTH BY AGE GROUP AND SEX","25 - 29","Male","","2012","152395"
"Cross River","DISTRIBUTION OF YOUTH BY AGE GROUP AND SEX","25 - 29","Female","","2012","241708"
"Cross River","DISTRIBUTION OF YOUTH BY AGE GROUP AND SEX","30 - 35","Male","","2012","117307"
"Cross River","DISTRIBUTION OF YOUTH BY AGE GROUP AND SEX","30 - 35","Female","","2012","178276"
"Cross River","DISTRIBUTION OF YOUTH BY AGE GROUP AND SEX","National","Male","","2012","620549"
"Cross River","DISTRIBUTION OF YOUTH BY AGE GROUP AND SEX","National","Female","","2012","821959"
"Cross River","DISTRIBUTIION OF YOUTH BY MARITAL STATUS AND SEX","Married","Male","","2012","135442"
"Cross River","DISTRIBUTIION OF YOUTH BY MARITAL STATUS AND SEX","Married","Female","","2012","275744"
"Cross River","DISTRIBUTIION OF YOUTH BY MARITAL STATUS AND SEX","Divorced","Male","","2012","3765"
"Cross River","DISTRIBUTIION OF YOUTH BY MARITAL STATUS AND SEX","Divorced","Female","","2012","786"
"Cross River","DISTRIBUTIION OF YOUTH BY MARITAL STATUS AND SEX","Seperated","Male","","2012","921"
"Cross River","DISTRIBUTIION OF YOUTH BY MARITAL STATUS AND SEX","Seperated","Female","","2012","44509"
"Cross River","DISTRIBUTIION OF YOUTH BY MARITAL STATUS AND SEX","Widowed","Female","","2012","7961"
"Cross River","DISTRIBUTIION OF YOUTH BY MARITAL STATUS AND SEX","Single","Male","","2012","480422"
"Cross River","DISTRIBUTIION OF YOUTH BY MARITAL STATUS AND SEX","Single","Female","","2012","486686"
"Borno","DISTRIBUTION OF YOUTH BY AGE GROUP AND SEX","15 - 19","Male","","2012","369213"
"Borno","DISTRIBUTION OF YOUTH BY AGE GROUP AND SEX","20 - 24","Male","","2012","132596"
"Borno","DISTRIBUTION OF YOUTH BY AGE GROUP AND SEX","20 - 24","Female","","2012","212512"
"Borno","DISTRIBUTION OF YOUTH BY AGE GROUP AND SEX","25 - 29","Male","","2012","96471"
"Borno","DISTRIBUTION OF YOUTH BY AGE GROUP AND SEX","25 - 29","Female","","2012","150976"
"Borno","DISTRIBUTION OF YOUTH BY AGE GROUP AND SEX","30 - 35","Male","","2012","305900"
"Borno","DISTRIBUTION OF YOUTH BY AGE GROUP AND SEX","30 - 35","Female","","2012","305026"
"Borno","DISTRIBUTION OF YOUTH BY AGE GROUP AND SEX","National","Male","","2012","904181"
"Borno","DISTRIBUTION OF YOUTH BY AGE GROUP AND SEX","National","Female","","2012","923698"
"Borno","DISTRIBUTIION OF YOUTH BY MARITAL STATUS AND SEX","Married","Male","","2012","316053"
"Borno","DISTRIBUTIION OF YOUTH BY MARITAL STATUS AND SEX","Married","Female","","2012","658521"
"Borno","DISTRIBUTIION OF YOUTH BY MARITAL STATUS AND SEX","Divorced","Male","","2012","2784"
"Borno","DISTRIBUTIION OF YOUTH BY MARITAL STATUS AND SEX","Divorced","Female","","2012","5839"
"Borno","DISTRIBUTIION OF YOUTH BY MARITAL STATUS AND SEX","Seperated","Male","","2012","9724"
"Borno","DISTRIBUTIION OF YOUTH BY MARITAL STATUS AND SEX","Seperated","Female","","2012","3220"
"Borno","DISTRIBUTIION OF YOUTH BY MARITAL STATUS AND SEX","Widowed","Female","","2012","15062"
"Borno","DISTRIBUTIION OF YOUTH BY MARITAL STATUS AND SEX","Single","Male","","2012","575620"
"Borno","DISTRIBUTIION OF YOUTH BY MARITAL STATUS AND SEX","Single","Female","","2012","239789"
"Delta","DISTRIBUTION OF YOUTH BY AGE GROUP AND SEX","15 - 19","Male","","2012","212956"
"Delta","DISTRIBUTION OF YOUTH BY AGE GROUP AND SEX","20 - 24","Male","","2012","291089"
"Delta","DISTRIBUTION OF YOUTH BY AGE GROUP AND SEX","20 - 24","Female","","2012","219993"
"Delta","DISTRIBUTION OF YOUTH BY AGE GROUP AND SEX","25 - 29","Male","","2012","150961"
"Delta","DISTRIBUTION OF YOUTH BY AGE GROUP AND SEX","25 - 29","Female","","2012","211244"
"Delta","DISTRIBUTION OF YOUTH BY AGE GROUP AND SEX","30 - 35","Male","","2012","144749"
"Delta","DISTRIBUTION OF YOUTH BY AGE GROUP AND SEX","30 - 35","Female","","2012","192578"
"Delta","DISTRIBUTION OF YOUTH BY AGE GROUP AND SEX","National","Male","","2012","799755"
"Delta","DISTRIBUTION OF YOUTH BY AGE GROUP AND SEX","National","Female","","2012","938576"
"Delta","DISTRIBUTIION OF YOUTH BY MARITAL STATUS AND SEX","Married","Male","","2012","116641"
"Delta","DISTRIBUTIION OF YOUTH BY MARITAL STATUS AND SEX","Married","Female","","2012","311225"
"Delta","DISTRIBUTIION OF YOUTH BY MARITAL STATUS AND SEX","Divorced","Male","","2012","4071"
"Delta","DISTRIBUTIION OF YOUTH BY MARITAL STATUS AND SEX","Divorced","Female","","2012","6529"
"Delta","DISTRIBUTIION OF YOUTH BY MARITAL STATUS AND SEX","Seperated","Female","","2012","11726"
"Delta","DISTRIBUTIION OF YOUTH BY MARITAL STATUS AND SEX","Widowed","Female","","2012","4505"
"Delta","DISTRIBUTIION OF YOUTH BY MARITAL STATUS AND SEX","Single","Male","","2012","679044"
"Delta","DISTRIBUTIION OF YOUTH BY MARITAL STATUS AND SEX","Single","Female","","2012","604591"
"Ebonyi","DISTRIBUTION OF YOUTH BY AGE GROUP AND SEX","15 - 19","Male","","2012","173068"
"Ebonyi","DISTRIBUTION OF YOUTH BY AGE GROUP AND SEX","20 - 24","Male","","2012","112828"
"Ebonyi","DISTRIBUTION OF YOUTH BY AGE GROUP AND SEX","20 - 24","Female","","2012","69104"
"Ebonyi","DISTRIBUTION OF YOUTH BY AGE GROUP AND SEX","25 - 29","Male","","2012","93991"
"Ebonyi","DISTRIBUTION OF YOUTH BY AGE GROUP AND SEX","25 - 29","Female","","2012","124936"
"Ebonyi","DISTRIBUTION OF YOUTH BY AGE GROUP AND SEX","30 - 35","Male","","2012","82864"
"Ebonyi","DISTRIBUTION OF YOUTH BY AGE GROUP AND SEX","30 - 35","Female","","2012","79706"
"Ebonyi","DISTRIBUTION OF YOUTH BY AGE GROUP AND SEX","National","Male","","2012","462751"
"Ebonyi","DISTRIBUTION OF YOUTH BY AGE GROUP AND SEX","National","Female","","2012","450372"
"Ebonyi","DISTRIBUTIION OF YOUTH BY MARITAL STATUS AND SEX","Married","Male","","2012","93229"
"Ebonyi","DISTRIBUTIION OF YOUTH BY MARITAL STATUS AND SEX","Married","Female","","2012","174762"
"Ebonyi","DISTRIBUTIION OF YOUTH BY MARITAL STATUS AND SEX","Widowed","Female","","2012","7765"
"Ebonyi","DISTRIBUTIION OF YOUTH BY MARITAL STATUS AND SEX","Single","Male","","2012","369522"
"Ebonyi","DISTRIBUTIION OF YOUTH BY MARITAL STATUS AND SEX","Single","Female","","2012","267845"
"Edo","DISTRIBUTION OF YOUTH BY AGE GROUP AND SEX","15 - 19","Male","","2012","253710"
"Edo","DISTRIBUTION OF YOUTH BY AGE GROUP AND SEX","20 - 24","Male","","2012","190685"
"Edo","DISTRIBUTION OF YOUTH BY AGE GROUP AND SEX","20 - 24","Female","","2012","202007"
"Edo","DISTRIBUTION OF YOUTH BY AGE GROUP AND SEX","25 - 29","Male","","2012","173136"
"Edo","DISTRIBUTION OF YOUTH BY AGE GROUP AND SEX","25 - 29","Female","","2012","164743"
"Edo","DISTRIBUTION OF YOUTH BY AGE GROUP AND SEX","30 - 35","Male","","2012","187282"
"Edo","DISTRIBUTION OF YOUTH BY AGE GROUP AND SEX","30 - 35","Female","","2012","192613"
"Edo","DISTRIBUTION OF YOUTH BY AGE GROUP AND SEX","National","Male","","2012","804813"
"Edo","DISTRIBUTION OF YOUTH BY AGE GROUP AND SEX","National","Female","","2012","748328"
"Edo","DISTRIBUTIION OF YOUTH BY MARITAL STATUS AND SEX","Married","Male","","2012","112570"
"Edo","DISTRIBUTIION OF YOUTH BY MARITAL STATUS AND SEX","Married","Female","","2012","274613"
"Edo","DISTRIBUTIION OF YOUTH BY MARITAL STATUS AND SEX","Divorced","Male","","2012","1707"
"Edo","DISTRIBUTIION OF YOUTH BY MARITAL STATUS AND SEX","Divorced","Female","","2012","7369"
"Edo","DISTRIBUTIION OF YOUTH BY MARITAL STATUS AND SEX","Seperated","Male","","2012","1519"
"Edo","DISTRIBUTIION OF YOUTH BY MARITAL STATUS AND SEX","Seperated","Female","","2012","14911"
"Edo","DISTRIBUTIION OF YOUTH BY MARITAL STATUS AND SEX","Widowed","Female","","2012","2407"
"Edo","DISTRIBUTIION OF YOUTH BY MARITAL STATUS AND SEX","Single","Male","","2012","681255"
"Edo","DISTRIBUTIION OF YOUTH BY MARITAL STATUS AND SEX","Single","Female","","2012","446457"
"Ekiti","DISTRIBUTION OF YOUTH BY AGE GROUP AND SEX","15 - 19","Male","","2012","240821"
"Ekiti","DISTRIBUTION OF YOUTH BY AGE GROUP AND SEX","20 - 24","Male","","2012","148026"
"Ekiti","DISTRIBUTION OF YOUTH BY AGE GROUP AND SEX","20 - 24","Female","","2012","184472"
"Ekiti","DISTRIBUTION OF YOUTH BY AGE GROUP AND SEX","25 - 29","Male","","2012","86894"
"Ekiti","DISTRIBUTION OF YOUTH BY AGE GROUP AND SEX","25 - 29","Female","","2012","98838"
"Ekiti","DISTRIBUTION OF YOUTH BY AGE GROUP AND SEX","30 - 35","Male","","2012","116122"
"Ekiti","DISTRIBUTION OF YOUTH BY AGE GROUP AND SEX","30 - 35","Female","","2012","145401"
"Ekiti","DISTRIBUTION OF YOUTH BY AGE GROUP AND SEX","National","Male","","2012","591863"
"Ekiti","DISTRIBUTION OF YOUTH BY AGE GROUP AND SEX","National","Female","","2012","690320"
"Ekiti","DISTRIBUTIION OF YOUTH BY MARITAL STATUS AND SEX","Married","Male","","2012","143327"
"Ekiti","DISTRIBUTIION OF YOUTH BY MARITAL STATUS AND SEX","Married","Female","","2012","253649"
"Ekiti","DISTRIBUTIION OF YOUTH BY MARITAL STATUS AND SEX","Divorced","Male","","2012","8907"
"Ekiti","DISTRIBUTIION OF YOUTH BY MARITAL STATUS AND SEX","Divorced","Female","","2012","3293"
"Ekiti","DISTRIBUTIION OF YOUTH BY MARITAL STATUS AND SEX","Seperated","Female","","2012","10878"
"Ekiti","DISTRIBUTIION OF YOUTH BY MARITAL STATUS AND SEX","Widowed","Male","","2012","2168"
"Ekiti","DISTRIBUTIION OF YOUTH BY MARITAL STATUS AND SEX","Single","Male","","2012","437461"
"Ekiti","DISTRIBUTIION OF YOUTH BY MARITAL STATUS AND SEX","Single","Female","","2012","422499"
"Enugu","DISTRIBUTION OF YOUTH BY AGE GROUP AND SEX","15 - 19","Male","","2012","242872"
"Enugu","DISTRIBUTION OF YOUTH BY AGE GROUP AND SEX","20 - 24","Male","","2012","194078"
"Enugu","DISTRIBUTION OF YOUTH BY AGE GROUP AND SEX","20 - 24","Female","","2012","251190"
"Enugu","DISTRIBUTION OF YOUTH BY AGE GROUP AND SEX","25 - 29","Male","","2012","116485"
"Enugu","DISTRIBUTION OF YOUTH BY AGE GROUP AND SEX","25 - 29","Female","","2012","224793"
"Enugu","DISTRIBUTION OF YOUTH BY AGE GROUP AND SEX","30 - 35","Male","","2012","121019"
"Enugu","DISTRIBUTION OF YOUTH BY AGE GROUP AND SEX","30 - 35","Female","","2012","184515"
"Enugu","DISTRIBUTION OF YOUTH BY AGE GROUP AND SEX","National","Male","","2012","674454"
"Enugu","DISTRIBUTION OF YOUTH BY AGE GROUP AND SEX","National","Female","","2012","895720"
"Enugu","DISTRIBUTIION OF YOUTH BY MARITAL STATUS AND SEX","Married","Male","","2012","75268"
"Enugu","DISTRIBUTIION OF YOUTH BY MARITAL STATUS AND SEX","Married","Female","","2012","285924"
"Enugu","DISTRIBUTIION OF YOUTH BY MARITAL STATUS AND SEX","Divorced","Female","","2012","12556"
"Enugu","DISTRIBUTIION OF YOUTH BY MARITAL STATUS AND SEX","Seperated","Male","","2012","11150"
"Enugu","DISTRIBUTIION OF YOUTH BY MARITAL STATUS AND SEX","Widowed","Male","","2012","3229"
"Enugu","DISTRIBUTIION OF YOUTH BY MARITAL STATUS AND SEX","Widowed","Female","","2012","683"
"Enugu","DISTRIBUTIION OF YOUTH BY MARITAL STATUS AND SEX","Single","Male","","2012","584807"
"Enugu","DISTRIBUTIION OF YOUTH BY MARITAL STATUS AND SEX","Single","Female","","2012","596557"
"Gombe","DISTRIBUTION OF YOUTH BY AGE GROUP AND SEX","15 - 19","Male","","2012","149566"
"Gombe","DISTRIBUTION OF YOUTH BY AGE GROUP AND SEX","20 - 24","Male","","2012","81871"
"Gombe","DISTRIBUTION OF YOUTH BY AGE GROUP AND SEX","20 - 24","Female","","2012","141431"
"Gombe","DISTRIBUTION OF YOUTH BY AGE GROUP AND SEX","25 - 29","Male","","2012","78450"
"Gombe","DISTRIBUTION OF YOUTH BY AGE GROUP AND SEX","25 - 29","Female","","2012","123972"
"Gombe","DISTRIBUTION OF YOUTH BY AGE GROUP AND SEX","30 - 35","Male","","2012","190844"
"Gombe","DISTRIBUTION OF YOUTH BY AGE GROUP AND SEX","30 - 35","Female","","2012","154953"
"Gombe","DISTRIBUTION OF YOUTH BY AGE GROUP AND SEX","National","Male","","2012","500731"
"Gombe","DISTRIBUTION OF YOUTH BY AGE GROUP AND SEX","National","Female","","2012","611991"
"Gombe","DISTRIBUTIION OF YOUTH BY MARITAL STATUS AND SEX","Married","Male","","2012","234963"
"Gombe","DISTRIBUTIION OF YOUTH BY MARITAL STATUS AND SEX","Married","Female","","2012","484318"
"Gombe","DISTRIBUTIION OF YOUTH BY MARITAL STATUS AND SEX","Divorced","Female","","2012","1669"
"Gombe","DISTRIBUTIION OF YOUTH BY MARITAL STATUS AND SEX","Seperated","Male","","2012","1792"
"Gombe","DISTRIBUTIION OF YOUTH BY MARITAL STATUS AND SEX","Widowed","Male","","2012","4756"
"Gombe","DISTRIBUTIION OF YOUTH BY MARITAL STATUS AND SEX","Widowed","Female","","2012","2734"
"Gombe","DISTRIBUTIION OF YOUTH BY MARITAL STATUS AND SEX","Single","Male","","2012","259220"
"Gombe","DISTRIBUTIION OF YOUTH BY MARITAL STATUS AND SEX","Single","Female","","2012","123271"
"Zamfara","DISTRIBUTION OF YOUTH BY AGE GROUP AND SEX","15 - 19","Male","","2012","317613"
"Zamfara","DISTRIBUTION OF YOUTH BY AGE GROUP AND SEX","20 - 24","Male","","2012","80991"
"Zamfara","DISTRIBUTION OF YOUTH BY AGE GROUP AND SEX","20 - 24","Female","","2012","133042"
"Zamfara","DISTRIBUTION OF YOUTH BY AGE GROUP AND SEX","25 - 29","Male","","2012","46776"
"Zamfara","DISTRIBUTION OF YOUTH BY AGE GROUP AND SEX","25 - 29","Female","","2012","167250"
"Zamfara","DISTRIBUTION OF YOUTH BY AGE GROUP AND SEX","30 - 35","Male","","2012","117875"
"Zamfara","DISTRIBUTION OF YOUTH BY AGE GROUP AND SEX","30 - 35","Female","","2012","227683"
"Zamfara","DISTRIBUTION OF YOUTH BY AGE GROUP AND SEX","National","Male","","2012","563255"
"Zamfara","DISTRIBUTION OF YOUTH BY AGE GROUP AND SEX","National","Female","","2012","737967"
"Zamfara","DISTRIBUTIION OF YOUTH BY MARITAL STATUS AND SEX","Married","Male","","2012","185561"
"Zamfara","DISTRIBUTIION OF YOUTH BY MARITAL STATUS AND SEX","Married","Female","","2012","562805"
"Zamfara","DISTRIBUTIION OF YOUTH BY MARITAL STATUS AND SEX","Widowed","Male","","2012","1281"
"Zamfara","DISTRIBUTIION OF YOUTH BY MARITAL STATUS AND SEX","Single","Male","","2012","371074"
"Zamfara","DISTRIBUTIION OF YOUTH BY MARITAL STATUS AND SEX","Single","Female","","2012","173383"
"Yobe","DISTRIBUTION OF YOUTH BY AGE GROUP AND SEX","15 - 19","Male","","2012","168574"
"Yobe","DISTRIBUTION OF YOUTH BY AGE GROUP AND SEX","20 - 24","Male","","2012","106015"
"Yobe","DISTRIBUTION OF YOUTH BY AGE GROUP AND SEX","20 - 24","Female","","2012","102834"
"Yobe","DISTRIBUTION OF YOUTH BY AGE GROUP AND SEX","25 - 29","Male","","2012","78421"
"Yobe","DISTRIBUTION OF YOUTH BY AGE GROUP AND SEX","25 - 29","Female","","2012","104326"
"Yobe","DISTRIBUTION OF YOUTH BY AGE GROUP AND SEX","30 - 35","Male","","2012","95134"
"Yobe","DISTRIBUTION OF YOUTH BY AGE GROUP AND SEX","30 - 35","Female","","2012","119833"
"Yobe","DISTRIBUTION OF YOUTH BY AGE GROUP AND SEX","National","Male","","2012","448144"
"Yobe","DISTRIBUTION OF YOUTH BY AGE GROUP AND SEX","National","Female","","2012","461007"
"Yobe","DISTRIBUTIION OF YOUTH BY MARITAL STATUS AND SEX","Married","Male","","2012","138729"
"Yobe","DISTRIBUTIION OF YOUTH BY MARITAL STATUS AND SEX","Married","Female","","2012","325597"
"Yobe","DISTRIBUTIION OF YOUTH BY MARITAL STATUS AND SEX","Divorced","Female","","2012","1989"
"Yobe","DISTRIBUTIION OF YOUTH BY MARITAL STATUS AND SEX","Seperated","Male","","2012","2277"
"Yobe","DISTRIBUTIION OF YOUTH BY MARITAL STATUS AND SEX","Widowed","Female","","2012","7671"
"Yobe","DISTRIBUTIION OF YOUTH BY MARITAL STATUS AND SEX","Single","Male","","2012","307138"
"Yobe","DISTRIBUTIION OF YOUTH BY MARITAL STATUS AND SEX","Single","Female","","2012","125750"
"Taraba","DISTRIBUTION OF YOUTH BY AGE GROUP AND SEX","15 - 19","Male","","2012","206048"
"Taraba","DISTRIBUTION OF YOUTH BY AGE GROUP AND SEX","20 - 24","Male","","2012","165015"
"Taraba","DISTRIBUTION OF YOUTH BY AGE GROUP AND SEX","20 - 24","Female","","2012","165116"
"Taraba","DISTRIBUTION OF YOUTH BY AGE GROUP AND SEX","25 - 29","Male","","2012","147127"
"Taraba","DISTRIBUTION OF YOUTH BY AGE GROUP AND SEX","25 - 29","Female","","2012","179326"
"Taraba","DISTRIBUTION OF YOUTH BY AGE GROUP AND SEX","30 - 35","Male","","2012","174031"
"Taraba","DISTRIBUTION OF YOUTH BY AGE GROUP AND SEX","30 - 35","Female","","2012","132131"
"Taraba","DISTRIBUTION OF YOUTH BY AGE GROUP AND SEX","National","Male","","2012","692221"
"Taraba","DISTRIBUTION OF YOUTH BY AGE GROUP AND SEX","National","Female","","2012","600718"
"Taraba","DISTRIBUTIION OF YOUTH BY MARITAL STATUS AND SEX","Married","Male","","2012","165557"
"Taraba","DISTRIBUTIION OF YOUTH BY MARITAL STATUS AND SEX","Married","Female","","2012","342280"
"Taraba","DISTRIBUTIION OF YOUTH BY MARITAL STATUS AND SEX","Divorced","Male","","2012","2320"
"Taraba","DISTRIBUTIION OF YOUTH BY MARITAL STATUS AND SEX","Divorced","Female","","2012","2722"
"Taraba","DISTRIBUTIION OF YOUTH BY MARITAL STATUS AND SEX","Seperated","Male","","2012","1423"
"Taraba","DISTRIBUTIION OF YOUTH BY MARITAL STATUS AND SEX","Widowed","Female","","2012","2722"
"Taraba","DISTRIBUTIION OF YOUTH BY MARITAL STATUS AND SEX","Single","Male","","2012","522921"
"Taraba","DISTRIBUTIION OF YOUTH BY MARITAL STATUS AND SEX","Single","Female","","2012","252994"
"Sokoto","DISTRIBUTION OF YOUTH BY AGE GROUP AND SEX","15 - 19","Male","","2012","313433"
"Sokoto","DISTRIBUTION OF YOUTH BY AGE GROUP AND SEX","20 - 24","Male","","2012","155563"
"Sokoto","DISTRIBUTION OF YOUTH BY AGE GROUP AND SEX","20 - 24","Female","","2012","196593"
"Sokoto","DISTRIBUTION OF YOUTH BY AGE GROUP AND SEX","25 - 29","Male","","2012","207083"
"Sokoto","DISTRIBUTION OF YOUTH BY AGE GROUP AND SEX","25 - 29","Female","","2012","203052"
"Sokoto","DISTRIBUTION OF YOUTH BY AGE GROUP AND SEX","30 - 35","Male","","2012","189829"
"Sokoto","DISTRIBUTION OF YOUTH BY AGE GROUP AND SEX","30 - 35","Female","","2012","253951"
"Sokoto","DISTRIBUTION OF YOUTH BY AGE GROUP AND SEX","National","Male","","2012","865907"
"Sokoto","DISTRIBUTION OF YOUTH BY AGE GROUP AND SEX","National","Female","","2012","864297"
"Sokoto","DISTRIBUTIION OF YOUTH BY MARITAL STATUS AND SEX","Married","Male","","2012","355333"
"Sokoto","DISTRIBUTIION OF YOUTH BY MARITAL STATUS AND SEX","Married","Female","","2012","751530"
"Sokoto","DISTRIBUTIION OF YOUTH BY MARITAL STATUS AND SEX","Divorced","Male","","2012","2257"
"Sokoto","DISTRIBUTIION OF YOUTH BY MARITAL STATUS AND SEX","Divorced","Female","","2012","4377"
"Sokoto","DISTRIBUTIION OF YOUTH BY MARITAL STATUS AND SEX","Seperated","Female","","2012","699"
"Sokoto","DISTRIBUTIION OF YOUTH BY MARITAL STATUS AND SEX","Widowed","Male","","2012","704"
"Sokoto","DISTRIBUTIION OF YOUTH BY MARITAL STATUS AND SEX","Widowed","Female","","2012","13154"
"Sokoto","DISTRIBUTIION OF YOUTH BY MARITAL STATUS AND SEX","Single","Male","","2012","507613"
"Sokoto","DISTRIBUTIION OF YOUTH BY MARITAL STATUS AND SEX","Single","Female","","2012","94537"
"Rivers","DISTRIBUTION OF YOUTH BY AGE GROUP AND SEX","15 - 19","Male","","2012","448989"
"Rivers","DISTRIBUTION OF YOUTH BY AGE GROUP AND SEX","20 - 24","Male","","2012","359139"
"Rivers","DISTRIBUTION OF YOUTH BY AGE GROUP AND SEX","20 - 24","Female","","2012","279897"
"Rivers","DISTRIBUTION OF YOUTH BY AGE GROUP AND SEX","25 - 29","Male","","2012","263082"
"Rivers","DISTRIBUTION OF YOUTH BY AGE GROUP AND SEX","25 - 29","Female","","2012","442677"
"Rivers","DISTRIBUTION OF YOUTH BY AGE GROUP AND SEX","30 - 35","Male","","2012","374054"
"Rivers","DISTRIBUTION OF YOUTH BY AGE GROUP AND SEX","30 - 35","Female","","2012","298778"
"Rivers","DISTRIBUTION OF YOUTH BY AGE GROUP AND SEX","National","Male","","2012","1445264"
"Rivers","DISTRIBUTION OF YOUTH BY AGE GROUP AND SEX","National","Female","","2012","1351012"
"Rivers","DISTRIBUTIION OF YOUTH BY MARITAL STATUS AND SEX","Married","Male","","2012","257393"
"Rivers","DISTRIBUTIION OF YOUTH BY MARITAL STATUS AND SEX","Married","Female","","2012","501957"
"Rivers","DISTRIBUTIION OF YOUTH BY MARITAL STATUS AND SEX","Divorced","Male","","2012","4084"
"Rivers","DISTRIBUTIION OF YOUTH BY MARITAL STATUS AND SEX","Seperated","Male","","2012","11364"
"Rivers","DISTRIBUTIION OF YOUTH BY MARITAL STATUS AND SEX","Seperated","Female","","2012","26504"
"Rivers","DISTRIBUTIION OF YOUTH BY MARITAL STATUS AND SEX","Widowed","Female","","2012","8369"
"Rivers","DISTRIBUTIION OF YOUTH BY MARITAL STATUS AND SEX","Single","Male","","2012","1172423"
"Rivers","DISTRIBUTIION OF YOUTH BY MARITAL STATUS AND SEX","Single","Female","","2012","814181"
"Plateau","DISTRIBUTION OF YOUTH BY AGE GROUP AND SEX","15 - 19","Male","","2012","198046"
"Plateau","DISTRIBUTION OF YOUTH BY AGE GROUP AND SEX","20 - 24","Male","","2012","149343"
"Plateau","DISTRIBUTION OF YOUTH BY AGE GROUP AND SEX","20 - 24","Female","","2012","209938"
"Plateau","DISTRIBUTION OF YOUTH BY AGE GROUP AND SEX","25 - 29","Male","","2012","98948"
"Plateau","DISTRIBUTION OF YOUTH BY AGE GROUP AND SEX","25 - 29","Female","","2012","259469"
"Plateau","DISTRIBUTION OF YOUTH BY AGE GROUP AND SEX","30 - 35","Male","","2012","239272"
"Plateau","DISTRIBUTION OF YOUTH BY AGE GROUP AND SEX","30 - 35","Female","","2012","206954"
"Plateau","DISTRIBUTION OF YOUTH BY AGE GROUP AND SEX","National","Male","","2012","685610"
"Plateau","DISTRIBUTION OF YOUTH BY AGE GROUP AND SEX","National","Female","","2012","889611"
"Plateau","DISTRIBUTIION OF YOUTH BY MARITAL STATUS AND SEX","Married","Male","","2012","223658"
"Plateau","DISTRIBUTIION OF YOUTH BY MARITAL STATUS AND SEX","Married","Female","","2012","477842"
"Plateau","DISTRIBUTIION OF YOUTH BY MARITAL STATUS AND SEX","Divorced","Male","","2012","1352"
"Plateau","DISTRIBUTIION OF YOUTH BY MARITAL STATUS AND SEX","Divorced","Female","","2012","9822"
"Plateau","DISTRIBUTIION OF YOUTH BY MARITAL STATUS AND SEX","Widowed","Male","","2012","6350"
"Plateau","DISTRIBUTIION OF YOUTH BY MARITAL STATUS AND SEX","Widowed","Female","","2012","3617"
"Plateau","DISTRIBUTIION OF YOUTH BY MARITAL STATUS AND SEX","Single","Male","","2012","454249"
"Plateau","DISTRIBUTIION OF YOUTH BY MARITAL STATUS AND SEX","Single","Female","","2012","398329"
"Oyo","DISTRIBUTION OF YOUTH BY AGE GROUP AND SEX","15 - 19","Male","","2012","322221"
"Oyo","DISTRIBUTION OF YOUTH BY AGE GROUP AND SEX","20 - 24","Male","","2012","238731"
"Oyo","DISTRIBUTION OF YOUTH BY AGE GROUP AND SEX","20 - 24","Female","","2012","234294"
"Oyo","DISTRIBUTION OF YOUTH BY AGE GROUP AND SEX","25 - 29","Male","","2012","233318"
"Oyo","DISTRIBUTION OF YOUTH BY AGE GROUP AND SEX","25 - 29","Female","","2012","219237"
"Oyo","DISTRIBUTION OF YOUTH BY AGE GROUP AND SEX","30 - 35","Male","","2012","301850"
"Oyo","DISTRIBUTION OF YOUTH BY AGE GROUP AND SEX","30 - 35","Female","","2012","307019"
"Oyo","DISTRIBUTION OF YOUTH BY AGE GROUP AND SEX","National","Male","","2012","1096121"
"Oyo","DISTRIBUTION OF YOUTH BY AGE GROUP AND SEX","National","Female","","2012","1142690"
"Oyo","DISTRIBUTIION OF YOUTH BY MARITAL STATUS AND SEX","Married","Male","","2012","297230"
"Oyo","DISTRIBUTIION OF YOUTH BY MARITAL STATUS AND SEX","Married","Female","","2012","542881"
"Oyo","DISTRIBUTIION OF YOUTH BY MARITAL STATUS AND SEX","Divorced","Female","","2012","7006"
"Oyo","DISTRIBUTIION OF YOUTH BY MARITAL STATUS AND SEX","Seperated","Male","","2012","6277"
"Oyo","DISTRIBUTIION OF YOUTH BY MARITAL STATUS AND SEX","Seperated","Female","","2012","15264"
"Oyo","DISTRIBUTIION OF YOUTH BY MARITAL STATUS AND SEX","Single","Male","","2012","792614"
"Oyo","DISTRIBUTIION OF YOUTH BY MARITAL STATUS AND SEX","Single","Female","","2012","577538"
"Osun","DISTRIBUTION OF YOUTH BY AGE GROUP AND SEX","15 - 19","Male","","2012","235666"
"Osun","DISTRIBUTION OF YOUTH BY AGE GROUP AND SEX","20 - 24","Male","","2012","131019"
"Osun","DISTRIBUTION OF YOUTH BY AGE GROUP AND SEX","20 - 24","Female","","2012","168043"
"Osun","DISTRIBUTION OF YOUTH BY AGE GROUP AND SEX","25 - 29","Male","","2012","136569"
"Osun","DISTRIBUTION OF YOUTH BY AGE GROUP AND SEX","25 - 29","Female","","2012","138900"
"Osun","DISTRIBUTION OF YOUTH BY AGE GROUP AND SEX","30 - 35","Male","","2012","205648"
"Osun","DISTRIBUTION OF YOUTH BY AGE GROUP AND SEX","30 - 35","Female","","2012","271834"
"Osun","DISTRIBUTION OF YOUTH BY AGE GROUP AND SEX","National","Male","","2012","708901"
"Osun","DISTRIBUTION OF YOUTH BY AGE GROUP AND SEX","National","Female","","2012","834000"
"Osun","DISTRIBUTIION OF YOUTH BY MARITAL STATUS AND SEX","Married","Male","","2012","154206"
"Osun","DISTRIBUTIION OF YOUTH BY MARITAL STATUS AND SEX","Married","Female","","2012","373035"
"Osun","DISTRIBUTIION OF YOUTH BY MARITAL STATUS AND SEX","Divorced","Male","","2012","966"
"Osun","DISTRIBUTIION OF YOUTH BY MARITAL STATUS AND SEX","Divorced","Female","","2012","10552"
"Osun","DISTRIBUTIION OF YOUTH BY MARITAL STATUS AND SEX","Seperated","Male","","2012","13408"
"Osun","DISTRIBUTIION OF YOUTH BY MARITAL STATUS AND SEX","Seperated","Female","","2012","16921"
"Osun","DISTRIBUTIION OF YOUTH BY MARITAL STATUS AND SEX","Widowed","Male","","2012","1388"
"Osun","DISTRIBUTIION OF YOUTH BY MARITAL STATUS AND SEX","Widowed","Female","","2012","8690"
"Osun","DISTRIBUTIION OF YOUTH BY MARITAL STATUS AND SEX","Single","Male","","2012","536504"
"Osun","DISTRIBUTIION OF YOUTH BY MARITAL STATUS AND SEX","Single","Female","","2012","422374"
"Ondo","DISTRIBUTION OF YOUTH BY AGE GROUP AND SEX","15 - 19","Male","","2012","251657"
"Ondo","DISTRIBUTION OF YOUTH BY AGE GROUP AND SEX","20 - 24","Male","","2012","246669"
"Ondo","DISTRIBUTION OF YOUTH BY AGE GROUP AND SEX","20 - 24","Female","","2012","165531"
"Ondo","DISTRIBUTION OF YOUTH BY AGE GROUP AND SEX","25 - 29","Male","","2012","174816"
"Ondo","DISTRIBUTION OF YOUTH BY AGE GROUP AND SEX","25 - 29","Female","","2012","185463"
"Ondo","DISTRIBUTION OF YOUTH BY AGE GROUP AND SEX","30 - 35","Male","","2012","129024"
"Ondo","DISTRIBUTION OF YOUTH BY AGE GROUP AND SEX","30 - 35","Female","","2012","174626"
"Ondo","DISTRIBUTION OF YOUTH BY AGE GROUP AND SEX","National","Male","","2012","802165"
"Ondo","DISTRIBUTION OF YOUTH BY AGE GROUP AND SEX","National","Female","","2012","714758"
"Ondo","DISTRIBUTIION OF YOUTH BY MARITAL STATUS AND SEX","Married","Male","","2012","115480"
"Ondo","DISTRIBUTIION OF YOUTH BY MARITAL STATUS AND SEX","Married","Female","","2012","274553"
"Ondo","DISTRIBUTIION OF YOUTH BY MARITAL STATUS AND SEX","Divorced","Female","","2012","2029"
"Ondo","DISTRIBUTIION OF YOUTH BY MARITAL STATUS AND SEX","Seperated","Male","","2012","1492"
"Ondo","DISTRIBUTIION OF YOUTH BY MARITAL STATUS AND SEX","Seperated","Female","","2012","14141"
"Ondo","DISTRIBUTIION OF YOUTH BY MARITAL STATUS AND SEX","Widowed","Female","","2012","4650"
"Ondo","DISTRIBUTIION OF YOUTH BY MARITAL STATUS AND SEX","Single","Male","","2012","685194"
"Ondo","DISTRIBUTIION OF YOUTH BY MARITAL STATUS AND SEX","Single","Female","","2012","419385"
"Ogun","DISTRIBUTION OF YOUTH BY AGE GROUP AND SEX","15 - 19","Male","","2012","252165"
"Ogun","DISTRIBUTION OF YOUTH BY AGE GROUP AND SEX","20 - 24","Male","","2012","172540"
"Ogun","DISTRIBUTION OF YOUTH BY AGE GROUP AND SEX","20 - 24","Female","","2012","221028"
"Ogun","DISTRIBUTION OF YOUTH BY AGE GROUP AND SEX","25 - 29","Male","","2012","207791"
"Ogun","DISTRIBUTION OF YOUTH BY AGE GROUP AND SEX","25 - 29","Female","","2012","224392"
"Ogun","DISTRIBUTION OF YOUTH BY AGE GROUP AND SEX","30 - 35","Male","","2012","252677"
"Ogun","DISTRIBUTION OF YOUTH BY AGE GROUP AND SEX","30 - 35","Female","","2012","385959"
"Ogun","DISTRIBUTION OF YOUTH BY AGE GROUP AND SEX","National","Male","","2012","885173"
"Ogun","DISTRIBUTION OF YOUTH BY AGE GROUP AND SEX","National","Female","","2012","1167586"
"Ogun","DISTRIBUTIION OF YOUTH BY MARITAL STATUS AND SEX","Married","Male","","2012","325379"
"Ogun","DISTRIBUTIION OF YOUTH BY MARITAL STATUS AND SEX","Married","Female","","2012","653572"
"Ogun","DISTRIBUTIION OF YOUTH BY MARITAL STATUS AND SEX","Divorced","Male","","2012","1463"
"Ogun","DISTRIBUTIION OF YOUTH BY MARITAL STATUS AND SEX","Divorced","Female","","2012","3543"
"Ogun","DISTRIBUTIION OF YOUTH BY MARITAL STATUS AND SEX","Seperated","Male","","2012","16193"
"Ogun","DISTRIBUTIION OF YOUTH BY MARITAL STATUS AND SEX","Seperated","Female","","2012","45080"
"Ogun","DISTRIBUTIION OF YOUTH BY MARITAL STATUS AND SEX","Widowed","Male","","2012","1346"
"Ogun","DISTRIBUTIION OF YOUTH BY MARITAL STATUS AND SEX","Widowed","Female","","2012","30511"
"Ogun","DISTRIBUTIION OF YOUTH BY MARITAL STATUS AND SEX","Single","Male","","2012","540793"
"Ogun","DISTRIBUTIION OF YOUTH BY MARITAL STATUS AND SEX","Single","Female","","2012","434880"
"Niger","DISTRIBUTION OF YOUTH BY AGE GROUP AND SEX","15 - 19","Male","","2012","267200"
"Niger","DISTRIBUTION OF YOUTH BY AGE GROUP AND SEX","20 - 24","Male","","2012","98182"
"Niger","DISTRIBUTION OF YOUTH BY AGE GROUP AND SEX","20 - 24","Female","","2012","215354"
"Niger","DISTRIBUTION OF YOUTH BY AGE GROUP AND SEX","25 - 29","Male","","2012","96328"
"Niger","DISTRIBUTION OF YOUTH BY AGE GROUP AND SEX","25 - 29","Female","","2012","244952"
"Niger","DISTRIBUTION OF YOUTH BY AGE GROUP AND SEX","30 - 35","Male","","2012","227021"
"Niger","DISTRIBUTION OF YOUTH BY AGE GROUP AND SEX","30 - 35","Female","","2012","264803"
"Niger","DISTRIBUTION OF YOUTH BY AGE GROUP AND SEX","National","Male","","2012","688732"
"Niger","DISTRIBUTION OF YOUTH BY AGE GROUP AND SEX","National","Female","","2012","932693"
"Niger","DISTRIBUTIION OF YOUTH BY MARITAL STATUS AND SEX","Married","Male","","2012","265946"
"Niger","DISTRIBUTIION OF YOUTH BY MARITAL STATUS AND SEX","Married","Female","","2012","695365"
"Niger","DISTRIBUTIION OF YOUTH BY MARITAL STATUS AND SEX","Seperated","Male","","2012","1864"
"Niger","DISTRIBUTIION OF YOUTH BY MARITAL STATUS AND SEX","Widowed","Male","","2012","7447"
"Niger","DISTRIBUTIION OF YOUTH BY MARITAL STATUS AND SEX","Widowed","Female","","2012","1094"
"Niger","DISTRIBUTIION OF YOUTH BY MARITAL STATUS AND SEX","Single","Male","","2012","413475"
"Niger","DISTRIBUTIION OF YOUTH BY MARITAL STATUS AND SEX","Single","Female","","2012","236233"
"Nassarawa","DISTRIBUTION OF YOUTH BY AGE GROUP AND SEX","15 - 19","Male","","2012","151255"
"Nassarawa","DISTRIBUTION OF YOUTH BY AGE GROUP AND SEX","20 - 24","Male","","2012","106369"
"Nassarawa","DISTRIBUTION OF YOUTH BY AGE GROUP AND SEX","20 - 24","Female","","2012","113255"
"Nassarawa","DISTRIBUTION OF YOUTH BY AGE GROUP AND SEX","25 - 29","Male","","2012","86195"
"Nassarawa","DISTRIBUTION OF YOUTH BY AGE GROUP AND SEX","25 - 29","Female","","2012","113056"
"Nassarawa","DISTRIBUTION OF YOUTH BY AGE GROUP AND SEX","30 - 35","Male","","2012","109673"
"Nassarawa","DISTRIBUTION OF YOUTH BY AGE GROUP AND SEX","30 - 35","Female","","2012","74548"
"Nassarawa","DISTRIBUTION OF YOUTH BY AGE GROUP AND SEX","National","Male","","2012","453493"
"Nassarawa","DISTRIBUTION OF YOUTH BY AGE GROUP AND SEX","National","Female","","2012","437678"
"Nassarawa","DISTRIBUTIION OF YOUTH BY MARITAL STATUS AND SEX","Married","Male","","2012","135368"
"Nassarawa","DISTRIBUTIION OF YOUTH BY MARITAL STATUS AND SEX","Married","Female","","2012","262722"
"Nassarawa","DISTRIBUTIION OF YOUTH BY MARITAL STATUS AND SEX","Divorced","Female","","2012","1745"
"Nassarawa","DISTRIBUTIION OF YOUTH BY MARITAL STATUS AND SEX","Seperated","Female","","2012","1148"
"Nassarawa","DISTRIBUTIION OF YOUTH BY MARITAL STATUS AND SEX","Single","Male","","2012","318125"
"Nassarawa","DISTRIBUTIION OF YOUTH BY MARITAL STATUS AND SEX","Single","Female","","2012","172063"
"Lagos","DISTRIBUTION OF YOUTH BY AGE GROUP AND SEX","15 - 19","Male","","2012","474772"
"Lagos","DISTRIBUTION OF YOUTH BY AGE GROUP AND SEX","20 - 24","Male","","2012","394881"
"Lagos","DISTRIBUTION OF YOUTH BY AGE GROUP AND SEX","20 - 24","Female","","2012","383347"
"Lagos","DISTRIBUTION OF YOUTH BY AGE GROUP AND SEX","25 - 29","Male","","2012","515910"
"Lagos","DISTRIBUTION OF YOUTH BY AGE GROUP AND SEX","25 - 29","Female","","2012","449258"
"Lagos","DISTRIBUTION OF YOUTH BY AGE GROUP AND SEX","30 - 35","Male","","2012","621846"
"Lagos","DISTRIBUTION OF YOUTH BY AGE GROUP AND SEX","30 - 35","Female","","2012","614430"
"Lagos","DISTRIBUTION OF YOUTH BY AGE GROUP AND SEX","National","Male","","2012","2007409"
"Lagos","DISTRIBUTION OF YOUTH BY AGE GROUP AND SEX","National","Female","","2012","1877813"
"Lagos","DISTRIBUTIION OF YOUTH BY MARITAL STATUS AND SEX","Married","Male","","2012","408232"
"Lagos","DISTRIBUTIION OF YOUTH BY MARITAL STATUS AND SEX","Married","Female","","2012","804572"
"Lagos","DISTRIBUTIION OF YOUTH BY MARITAL STATUS AND SEX","Divorced","Male","","2012","4096"
"Lagos","DISTRIBUTIION OF YOUTH BY MARITAL STATUS AND SEX","Seperated","Male","","2012","3803"
"Lagos","DISTRIBUTIION OF YOUTH BY MARITAL STATUS AND SEX","Seperated","Female","","2012","2385"
"Lagos","DISTRIBUTIION OF YOUTH BY MARITAL STATUS AND SEX","Widowed","Male","","2012","13590"
"Lagos","DISTRIBUTIION OF YOUTH BY MARITAL STATUS AND SEX","Widowed","Female","","2012","4361"
"Lagos","DISTRIBUTIION OF YOUTH BY MARITAL STATUS AND SEX","Single","Male","","2012","1577688"
"Lagos","DISTRIBUTIION OF YOUTH BY MARITAL STATUS AND SEX","Single","Female","","2012","1066496"
"Kwara","DISTRIBUTION OF YOUTH BY AGE GROUP AND SEX","15 - 19","Male","","2012","152116"
"Kwara","DISTRIBUTION OF YOUTH BY AGE GROUP AND SEX","20 - 24","Male","","2012","88073"
"Kwara","DISTRIBUTION OF YOUTH BY AGE GROUP AND SEX","20 - 24","Female","","2012","87994"
"Kwara","DISTRIBUTION OF YOUTH BY AGE GROUP AND SEX","25 - 29","Male","","2012","70082"
"Kwara","DISTRIBUTION OF YOUTH BY AGE GROUP AND SEX","25 - 29","Female","","2012","93938"
"Kwara","DISTRIBUTION OF YOUTH BY AGE GROUP AND SEX","30 - 35","Male","","2012","82111"
"Kwara","DISTRIBUTION OF YOUTH BY AGE GROUP AND SEX","30 - 35","Female","","2012","85620"
"Kwara","DISTRIBUTION OF YOUTH BY AGE GROUP AND SEX","National","Male","","2012","392382"
"Kwara","DISTRIBUTION OF YOUTH BY AGE GROUP AND SEX","National","Female","","2012","475547"
"Kwara","DISTRIBUTIION OF YOUTH BY MARITAL STATUS AND SEX","Married","Male","","2012","101095"
"Kwara","DISTRIBUTIION OF YOUTH BY MARITAL STATUS AND SEX","Married","Female","","2012","217846"
"Kwara","DISTRIBUTIION OF YOUTH BY MARITAL STATUS AND SEX","Divorced","Male","","2012","2055"
"Kwara","DISTRIBUTIION OF YOUTH BY MARITAL STATUS AND SEX","Seperated","Male","","2012","9461"
"Kwara","DISTRIBUTIION OF YOUTH BY MARITAL STATUS AND SEX","Seperated","Female","","2012","9931"
"Kwara","DISTRIBUTIION OF YOUTH BY MARITAL STATUS AND SEX","Widowed","Male","","2012","2470"
"Kwara","DISTRIBUTIION OF YOUTH BY MARITAL STATUS AND SEX","Widowed","Female","","2012","2876"
"Kwara","DISTRIBUTIION OF YOUTH BY MARITAL STATUS AND SEX","Single","Male","","2012","277302"
"Kwara","DISTRIBUTIION OF YOUTH BY MARITAL STATUS AND SEX","Single","Female","","2012","244893"
"Kogi","DISTRIBUTION OF YOUTH BY AGE GROUP AND SEX","15 - 19","Male","","2012","252461"
"Kogi","DISTRIBUTION OF YOUTH BY AGE GROUP AND SEX","20 - 24","Male","","2012","184934"
"Kogi","DISTRIBUTION OF YOUTH BY AGE GROUP AND SEX","20 - 24","Female","","2012","228523"
"Kogi","DISTRIBUTION OF YOUTH BY AGE GROUP AND SEX","25 - 29","Male","","2012","193054"
"Kogi","DISTRIBUTION OF YOUTH BY AGE GROUP AND SEX","25 - 29","Female","","2012","174886"
"Kogi","DISTRIBUTION OF YOUTH BY AGE GROUP AND SEX","30 - 35","Male","","2012","161752"
"Kogi","DISTRIBUTION OF YOUTH BY AGE GROUP AND SEX","30 - 35","Female","","2012","178035"
"Kogi","DISTRIBUTION OF YOUTH BY AGE GROUP AND SEX","National","Male","","2012","792201"
"Kogi","DISTRIBUTION OF YOUTH BY AGE GROUP AND SEX","National","Female","","2012","782481"
"Kogi","DISTRIBUTIION OF YOUTH BY MARITAL STATUS AND SEX","Married","Male","","2012","141108"
"Kogi","DISTRIBUTIION OF YOUTH BY MARITAL STATUS AND SEX","Married","Female","","2012","314518"
"Kogi","DISTRIBUTIION OF YOUTH BY MARITAL STATUS AND SEX","Divorced","Male","","2012","1445"
"Kogi","DISTRIBUTIION OF YOUTH BY MARITAL STATUS AND SEX","Seperated","Female","","2012","2895"
"Kogi","DISTRIBUTIION OF YOUTH BY MARITAL STATUS AND SEX","Widowed","Female","","2012","9463"
"Kogi","DISTRIBUTIION OF YOUTH BY MARITAL STATUS AND SEX","Single","Male","","2012","649648"
"Kogi","DISTRIBUTIION OF YOUTH BY MARITAL STATUS AND SEX","Single","Female","","2012","455605"
"Kebbi","DISTRIBUTION OF YOUTH BY AGE GROUP AND SEX","15 - 19","Male","","2012","235505"
"Kebbi","DISTRIBUTION OF YOUTH BY AGE GROUP AND SEX","20 - 24","Male","","2012","151180"
"Kebbi","DISTRIBUTION OF YOUTH BY AGE GROUP AND SEX","20 - 24","Female","","2012","211211"
"Kebbi","DISTRIBUTION OF YOUTH BY AGE GROUP AND SEX","25 - 29","Male","","2012","128030"
"Kebbi","DISTRIBUTION OF YOUTH BY AGE GROUP AND SEX","25 - 29","Female","","2012","182871"
"Kebbi","DISTRIBUTION OF YOUTH BY AGE GROUP AND SEX","30 - 35","Male","","2012","221556"
"Kebbi","DISTRIBUTION OF YOUTH BY AGE GROUP AND SEX","30 - 35","Female","","2012","189865"
"Kebbi","DISTRIBUTION OF YOUTH BY AGE GROUP AND SEX","National","Male","","2012","736272"
"Kebbi","DISTRIBUTION OF YOUTH BY AGE GROUP AND SEX","National","Female","","2012","753931"
"Kebbi","DISTRIBUTIION OF YOUTH BY MARITAL STATUS AND SEX","Married","Male","","2012","317789"
"Kebbi","DISTRIBUTIION OF YOUTH BY MARITAL STATUS AND SEX","Married","Female","","2012","644868"
"Kebbi","DISTRIBUTIION OF YOUTH BY MARITAL STATUS AND SEX","Divorced","Male","","2012","2239"
"Kebbi","DISTRIBUTIION OF YOUTH BY MARITAL STATUS AND SEX","Divorced","Female","","2012","9720"
"Kebbi","DISTRIBUTIION OF YOUTH BY MARITAL STATUS AND SEX","Seperated","Male","","2012","2752"
"Kebbi","DISTRIBUTIION OF YOUTH BY MARITAL STATUS AND SEX","Widowed","Male","","2012","3846"
"Kebbi","DISTRIBUTIION OF YOUTH BY MARITAL STATUS AND SEX","Single","Male","","2012","409645"
"Kebbi","DISTRIBUTIION OF YOUTH BY MARITAL STATUS AND SEX","Single","Female","","2012","99343"
"Imo","DISTRIBUTION OF YOUTH BY AGE GROUP AND SEX","15 - 19","Male","","2012","315982"
"Imo","DISTRIBUTION OF YOUTH BY AGE GROUP AND SEX","20 - 24","Male","","2012","248073"
"Imo","DISTRIBUTION OF YOUTH BY AGE GROUP AND SEX","20 - 24","Female","","2012","231228"
"Imo","DISTRIBUTION OF YOUTH BY AGE GROUP AND SEX","25 - 29","Male","","2012","156284"
"Imo","DISTRIBUTION OF YOUTH BY AGE GROUP AND SEX","25 - 29","Female","","2012","162944"
"Imo","DISTRIBUTION OF YOUTH BY AGE GROUP AND SEX","30 - 35","Male","","2012","187881"
"Imo","DISTRIBUTION OF YOUTH BY AGE GROUP AND SEX","30 - 35","Female","","2012","183492"
"Imo","DISTRIBUTION OF YOUTH BY AGE GROUP AND SEX","National","Male","","2012","908220"
"Imo","DISTRIBUTION OF YOUTH BY AGE GROUP AND SEX","National","Female","","2012","852648"
"Imo","DISTRIBUTIION OF YOUTH BY MARITAL STATUS AND SEX","Married","Male","","2012","74533"
"Imo","DISTRIBUTIION OF YOUTH BY MARITAL STATUS AND SEX","Married","Female","","2012","251388"
"Imo","DISTRIBUTIION OF YOUTH BY MARITAL STATUS AND SEX","Divorced","Male","","2012","1200"
"Imo","DISTRIBUTIION OF YOUTH BY MARITAL STATUS AND SEX","Divorced","Female","","2012","9530"
"Imo","DISTRIBUTIION OF YOUTH BY MARITAL STATUS AND SEX","Seperated","Male","","2012","1837"
"Imo","DISTRIBUTIION OF YOUTH BY MARITAL STATUS AND SEX","Seperated","Female","","2012","1658"
"Imo","DISTRIBUTIION OF YOUTH BY MARITAL STATUS AND SEX","Widowed","Female","","2012","3663"
"Imo","DISTRIBUTIION OF YOUTH BY MARITAL STATUS AND SEX","Single","Male","","2012","819085"
"Imo","DISTRIBUTIION OF YOUTH BY MARITAL STATUS AND SEX","Single","Female","","2012","586408"
"Jigawa","DISTRIBUTION OF YOUTH BY AGE GROUP AND SEX","15 - 19","Male","","2012","256903"
"Jigawa","DISTRIBUTION OF YOUTH BY AGE GROUP AND SEX","20 - 24","Male","","2012","203872"
"Jigawa","DISTRIBUTION OF YOUTH BY AGE GROUP AND SEX","20 - 24","Female","","2012","224065"
"Jigawa","DISTRIBUTION OF YOUTH BY AGE GROUP AND SEX","25 - 29","Male","","2012","160642"
"Jigawa","DISTRIBUTION OF YOUTH BY AGE GROUP AND SEX","25 - 29","Female","","2012","169426"
"Jigawa","DISTRIBUTION OF YOUTH BY AGE GROUP AND SEX","30 - 35","Male","","2012","227471"
"Jigawa","DISTRIBUTION OF YOUTH BY AGE GROUP AND SEX","30 - 35","Female","","2012","262924"
"Jigawa","DISTRIBUTION OF YOUTH BY AGE GROUP AND SEX","National","Male","","2012","848888"
"Jigawa","DISTRIBUTION OF YOUTH BY AGE GROUP AND SEX","National","Female","","2012","900215"
"Jigawa","DISTRIBUTIION OF YOUTH BY MARITAL STATUS AND SEX","Married","Male","","2012","357442"
"Jigawa","DISTRIBUTIION OF YOUTH BY MARITAL STATUS AND SEX","Married","Female","","2012","692158"
"Jigawa","DISTRIBUTIION OF YOUTH BY MARITAL STATUS AND SEX","Divorced","Male","","2012","9581"
"Jigawa","DISTRIBUTIION OF YOUTH BY MARITAL STATUS AND SEX","Divorced","Female","","2012","4640"
"Jigawa","DISTRIBUTIION OF YOUTH BY MARITAL STATUS AND SEX","Seperated","Male","","2012","9258"
"Jigawa","DISTRIBUTIION OF YOUTH BY MARITAL STATUS AND SEX","Seperated","Female","","2012","3306"
"Jigawa","DISTRIBUTIION OF YOUTH BY MARITAL STATUS AND SEX","Single","Male","","2012","472607"
"Jigawa","DISTRIBUTIION OF YOUTH BY MARITAL STATUS AND SEX","Single","Female","","2012","200110"
"Kaduna","DISTRIBUTION OF YOUTH BY AGE GROUP AND SEX","15 - 19","Male","","2012","433077"
"Kaduna","DISTRIBUTION OF YOUTH BY AGE GROUP AND SEX","20 - 24","Male","","2012","272060"
"Kaduna","DISTRIBUTION OF YOUTH BY AGE GROUP AND SEX","20 - 24","Female","","2012","377149"
"Kaduna","DISTRIBUTION OF YOUTH BY AGE GROUP AND SEX","25 - 29","Male","","2012","289847"
"Kaduna","DISTRIBUTION OF YOUTH BY AGE GROUP AND SEX","25 - 29","Female","","2012","354633"
"Kaduna","DISTRIBUTION OF YOUTH BY AGE GROUP AND SEX","30 - 35","Male","","2012","381836"
"Kaduna","DISTRIBUTION OF YOUTH BY AGE GROUP AND SEX","30 - 35","Female","","2012","431150"
"Kaduna","DISTRIBUTION OF YOUTH BY AGE GROUP AND SEX","National","Male","","2012","1376819"
"Kaduna","DISTRIBUTION OF YOUTH BY AGE GROUP AND SEX","National","Female","","2012","1630387"
"Kaduna","DISTRIBUTIION OF YOUTH BY MARITAL STATUS AND SEX","Married","Male","","2012","508846"
"Kaduna","DISTRIBUTIION OF YOUTH BY MARITAL STATUS AND SEX","Married","Female","","2012","1111650"
"Kaduna","DISTRIBUTIION OF YOUTH BY MARITAL STATUS AND SEX","Divorced","Male","","2012","4615"
"Kaduna","DISTRIBUTIION OF YOUTH BY MARITAL STATUS AND SEX","Divorced","Female","","2012","4806"
"Kaduna","DISTRIBUTIION OF YOUTH BY MARITAL STATUS AND SEX","Seperated","Male","","2012","13172"
"Kaduna","DISTRIBUTIION OF YOUTH BY MARITAL STATUS AND SEX","Widowed","Male","","2012","4426"
"Kaduna","DISTRIBUTIION OF YOUTH BY MARITAL STATUS AND SEX","Widowed","Female","","2012","6490"
"Kaduna","DISTRIBUTIION OF YOUTH BY MARITAL STATUS AND SEX","Single","Male","","2012","845760"
"Kaduna","DISTRIBUTIION OF YOUTH BY MARITAL STATUS AND SEX","Single","Female","","2012","507442"
"Kano","DISTRIBUTION OF YOUTH BY AGE GROUP AND SEX","15 - 19","Male","","2012","586731"
"Kano","DISTRIBUTION OF YOUTH BY AGE GROUP AND SEX","20 - 24","Male","","2012","288391"
"Kano","DISTRIBUTION OF YOUTH BY AGE GROUP AND SEX","20 - 24","Female","","2012","419971"
"Kano","DISTRIBUTION OF YOUTH BY AGE GROUP AND SEX","25 - 29","Male","","2012","267608"
"Kano","DISTRIBUTION OF YOUTH BY AGE GROUP AND SEX","25 - 29","Female","","2012","563393"
"Kano","DISTRIBUTION OF YOUTH BY AGE GROUP AND SEX","30 - 35","Male","","2012","445870"
"Kano","DISTRIBUTION OF YOUTH BY AGE GROUP AND SEX","30 - 35","Female","","2012","605829"
"Kano","DISTRIBUTION OF YOUTH BY AGE GROUP AND SEX","National","Male","","2012","1588600"
"Kano","DISTRIBUTION OF YOUTH BY AGE GROUP AND SEX","National","Female","","2012","2064070"
"Kano","DISTRIBUTIION OF YOUTH BY MARITAL STATUS AND SEX","Married","Male","","2012","573552"
"Kano","DISTRIBUTIION OF YOUTH BY MARITAL STATUS AND SEX","Married","Female","","2012","1613921"
"Kano","DISTRIBUTIION OF YOUTH BY MARITAL STATUS AND SEX","Divorced","Female","","2012","15616"
"Kano","DISTRIBUTIION OF YOUTH BY MARITAL STATUS AND SEX","Seperated","Male","","2012","2854"
"Kano","DISTRIBUTIION OF YOUTH BY MARITAL STATUS AND SEX","Seperated","Female","","2012","2772"
"Kano","DISTRIBUTIION OF YOUTH BY MARITAL STATUS AND SEX","Widowed","Male","","2012","8763"
"Kano","DISTRIBUTIION OF YOUTH BY MARITAL STATUS AND SEX","Widowed","Female","","2012","13189"
"Kano","DISTRIBUTIION OF YOUTH BY MARITAL STATUS AND SEX","Single","Male","","2012","1003431"
"Kano","DISTRIBUTIION OF YOUTH BY MARITAL STATUS AND SEX","Single","Female","","2012","418573"
"Katsina","DISTRIBUTION OF YOUTH BY AGE GROUP AND SEX","15 - 19","Male","","2012","402582"
"Katsina","DISTRIBUTION OF YOUTH BY AGE GROUP AND SEX","20 - 24","Male","","2012","240887"
"Katsina","DISTRIBUTION OF YOUTH BY AGE GROUP AND SEX","20 - 24","Female","","2012","246096"
"Katsina","DISTRIBUTION OF YOUTH BY AGE GROUP AND SEX","25 - 29","Male","","2012","210855"
"Katsina","DISTRIBUTION OF YOUTH BY AGE GROUP AND SEX","25 - 29","Female","","2012","238363"
"Katsina","DISTRIBUTION OF YOUTH BY AGE GROUP AND SEX","30 - 35","Male","","2012","223589"
"Katsina","DISTRIBUTION OF YOUTH BY AGE GROUP AND SEX","30 - 35","Female","","2012","321195"
"Katsina","DISTRIBUTION OF YOUTH BY AGE GROUP AND SEX","National","Male","","2012","1077913"
"Katsina","DISTRIBUTION OF YOUTH BY AGE GROUP AND SEX","National","Female","","2012","1095813"
"Katsina","DISTRIBUTIION OF YOUTH BY MARITAL STATUS AND SEX","Married","Male","","2012","368020"
"Katsina","DISTRIBUTIION OF YOUTH BY MARITAL STATUS AND SEX","Married","Female","","2012","893054"
"Katsina","DISTRIBUTIION OF YOUTH BY MARITAL STATUS AND SEX","Divorced","Male","","2012","1540"
"Katsina","DISTRIBUTIION OF YOUTH BY MARITAL STATUS AND SEX","Seperated","Male","","2012","5007"
"Katsina","DISTRIBUTIION OF YOUTH BY MARITAL STATUS AND SEX","Seperated","Female","","2012","2846"
"Katsina","DISTRIBUTIION OF YOUTH BY MARITAL STATUS AND SEX","Widowed","Female","","2012","3213"
"Katsina","DISTRIBUTIION OF YOUTH BY MARITAL STATUS AND SEX","Single","Male","","2012","703345"
"Katsina","DISTRIBUTIION OF YOUTH BY MARITAL STATUS AND SEX","Single","Female","","2012","196699"
